{
  "testFiles": {},
  "files": {
    "test/run.unit.js": {
      "runs": 9,
      "avg0": 167,
      "avg1": 118.88888888888889,
      "avg2": 118.88888888888889,
      "avg3": 118.88888888888889
    }
  }
}